,precision,recall,f1-score,support
0,0.90375,0.6999031945788964,0.7888707037643208,1033.0
1,0.48929159802306427,0.7941176470588235,0.6055045871559633,374.0
accuracy,0.7249466950959488,0.7249466950959488,0.7249466950959488,0.7249466950959488
macro avg,0.6965207990115322,0.7470104208188599,0.697187645460142,1407.0
weighted avg,0.7935812421184265,0.7249466950959488,0.7401294616807915,1407.0
