{
    "roc_auc": 0.8354191364128156,
    "precision_at_k": 0.6583629893238434,
    "churn_capture_rate": 0.4946524064171123,
    "top_k": 0.2
}