{
    "roc_auc": 0.8474747314590887,
    "precision_at_k": 0.6785206258890469,
    "churn_capture_rate": 0.5104333868378812,
    "top_k": 0.2
}